sequence_id	interval_start	interval_end	reference	reference	reference
			antiSMASH	DeepBGC	GECCO
NC_003888.3	1144	42174	N/A	1144 - 9307 (Unknown product); 10407 - 33357 (Unknown product); 37614 - 39812 (Unknown product)	1144 - 42174 (Unknown product)
NC_003888.3	45267	139654	86694 - 139654 (PKS)	45267 - 121371 (PKS); 122743 - 128290 (Unknown product)	98463 - 128290 (PKS)
NC_003888.3	164131	192008	164131 - 192008 (Terpene)	170911 - 191657 (Terpene)	168705 - 189886 (Terpene)
NC_003888.3	194760	196066	N/A	194760 - 196066 (Unknown product)	N/A
NC_003888.3	211748	220764	N/A	211748 - 220764 (PKS)	N/A
NC_003888.3	245986	271084	246526 - 271084 (RiPP)	245986 - 247869 (PKS); 248677 - 249702 (PKS); 251764 - 263220 (RiPP)	250805 - 267513 (RiPP)
NC_003888.3	297515	309131	N/A	297515 - 309131 (Unknown product)	N/A
NC_003888.3	320110	322255	N/A	320110 - 322255 (PKS)	N/A
NC_003888.3	329378	331365	N/A	329378 - 331365 (Unknown product)	N/A
NC_003888.3	332311	341318	N/A	332311 - 341318 (PKS)	N/A
NC_003888.3	345817	347706	N/A	345817 - 347706 (Unknown product)	N/A
NC_003888.3	349419	350201	N/A	349419 - 350201 (Unknown product)	N/A
NC_003888.3	353792	355686	N/A	353792 - 355686 (Terpene)	N/A
NC_003888.3	365623	366795	N/A	365623 - 366795 (Unknown product)	N/A
NC_003888.3	370797	372478	N/A	370797 - 372478 (Unknown product)	N/A
NC_003888.3	395939	429403	N/A	395939 - 429403 (Saccharide)	N/A
NC_003888.3	431962	437224	N/A	431962 - 437224 (PKS)	N/A
NC_003888.3	438997	446144	N/A	438997 - 446144 (Unknown product)	N/A
NC_003888.3	466429	466764	N/A	466429 - 466764 (PKS)	N/A
NC_003888.3	490451	492881	N/A	490451 - 492881 (Unknown product)	N/A
NC_003888.3	493989	552325	493989 - 552325 (NRPS)	497375 - 537512 (NRPS); 539123 - 542131 (Unknown product); 543545 - 544087 (Unknown product); 548968 - 549621 (Unknown product)	494260 - 544087 (NRPS)
NC_003888.3	586987	589546	N/A	586987 - 589546 (PKS)	N/A
NC_003888.3	597851	637824	597851 - 621488 (Terpene)	605122 - 610356 (Terpene, PKS); 618788 - 637824 (Unknown product)	N/A
NC_003888.3	681435	681821	N/A	681435 - 681821 (Unknown product)	N/A
NC_003888.3	682600	696168	N/A	682600 - 696168 (PKS)	N/A
NC_003888.3	720032	722964	N/A	720032 - 722964 (Unknown product)	N/A
NC_003888.3	736312	748387	N/A	736312 - 748387 (RiPP)	738595 - 745763 (RiPP)
NC_003888.3	791584	809813	791584 - 801799 (RiPP)	797777 - 809813 (RiPP)	N/A
NC_003888.3	818446	823299	N/A	818446 - 823299 (PKS)	N/A
NC_003888.3	847649	849232	N/A	847649 - 849232 (Terpene, PKS)	N/A
NC_003888.3	943851	964941	N/A	943851 - 964941 (Unknown product)	N/A
