file_label	assembly_20	assembly_20	assembly_20	Uniqueness (90% overlap)
Genome mining tool	antiSMASH	DeepBGC	GECCO	
CONTIG_1	N/A	1144 - 9307 (Unknown product)	N/A	Shared
CONTIG_1	N/A	N/A	1144 - 42174 (Unknown product)	Unique
CONTIG_1	N/A	10407 - 33357 (Unknown product)	N/A	Shared
CONTIG_1	N/A	37614 - 39812 (Unknown product)	N/A	Shared
CONTIG_1	N/A	46064 - 46201 (Unknown product)	N/A	Unique
CONTIG_2	N/A	1711 - 50951 (Unknown product)	N/A	Unique
CONTIG_3	1 - 38582 (PKS)	N/A	N/A	Unique
CONTIG_3	N/A	N/A	3 - 18582 (PKS)	Shared
CONTIG_3	N/A	3 - 20299 (PKS)	N/A	Shared
CONTIG_4	13699 - 41576 (Terpene)	N/A	N/A	Unique
CONTIG_4	N/A	17012 - 49485 (Terpene)	N/A	Unique
CONTIG_4	N/A	N/A	18273 - 39454 (Terpene)	Shared
CONTIG_5	N/A	10344 - 19360 (PKS)	N/A	Unique
CONTIG_6	1 - 20047 (RiPP)	N/A	N/A	Unique
CONTIG_6	N/A	N/A	2 - 10047 (RiPP)	Shared
CONTIG_6	N/A	2 - 12183 (RiPP)	N/A	Shared
CONTIG_7	N/A	735 - 50034 (Unknown product)	N/A	Unique
CONTIG_8	N/A	614 - 3524 (Terpene)	N/A	Unique
CONTIG_8	N/A	13461 - 14633 (Unknown product)	N/A	Unique
CONTIG_8	N/A	18635 - 20316 (Unknown product)	N/A	Unique
CONTIG_9	N/A	738 - 49171 (Saccharide)	N/A	Unique
CONTIG_10	N/A	14962 - 15297 (PKS)	N/A	Unique
CONTIG_11	1 - 50040 (NRPS)	N/A	N/A	Unique
CONTIG_11	N/A	57 - 35227 (NRPS)	N/A	Shared
CONTIG_11	N/A	N/A	1254 - 41802 (NRPS)	Shared
CONTIG_11	N/A	36838 - 41802 (Unknown product)	N/A	Shared
CONTIG_11	N/A	44067 - 45458 (PKS)	N/A	Shared
CONTIG_11	N/A	46683 - 47336 (Unknown product)	N/A	Shared
CONTIG_12	N/A	1 - 3410 (PKS)	N/A	Unique
CONTIG_12	N/A	4525 - 5340 (Unknown product)	N/A	Unique
CONTIG_12	N/A	34483 - 38391 (PKS)	N/A	Unique
CONTIG_13	1 - 19651 (Terpene)	N/A	N/A	Unique
CONTIG_13	N/A	1548 - 9651 (PKS, Terpene)	N/A	Shared
CONTIG_13	N/A	11914 - 13314 (Unknown product)	N/A	Shared
CONTIG_13	N/A	14416 - 15249 (Unknown product)	N/A	Shared
CONTIG_13	N/A	16951 - 35987 (Unknown product)	N/A	Unique
CONTIG_14	N/A	30598 - 50585 (PKS)	N/A	Unique
CONTIG_15	N/A	33724 - 45799 (RiPP)	N/A	Unique
CONTIG_15	N/A	N/A	36007 - 43175 (RiPP)	Shared
CONTIG_16	N/A	3030 - 3962 (Unknown product)	N/A	Unique
CONTIG_16	N/A	5913 - 7115 (Unknown product)	N/A	Unique
CONTIG_16	38300 - 48515 (RiPP)	N/A	N/A	Unique
CONTIG_17	N/A	3 - 5599 (Unknown product)	N/A	Unique
CONTIG_17	N/A	11720 - 19844 (PKS)	N/A	Unique
CONTIG_17	N/A	37664 - 50998 (Unknown product)	N/A	Unique
CONTIG_18	N/A	37453 - 41756 (PKS)	N/A	Unique
CONTIG_18	N/A	46962 - 50072 (Other)	N/A	Unique
CONTIG_19	N/A	38567 - 48995 (Unknown product)	N/A	Unique
CONTIG_20	N/A	1 - 1257 (Unknown product)	N/A	Unique
CONTIG_20	N/A	3406 - 4377 (Unknown product)	N/A	Unique
