sequence_id	interval_start	interval_end	assembly_10	assembly_10	assembly_10
			antiSMASH	DeepBGC	GECCO
CONTIG_1	1144	42174	N/A	1144 - 9307 (Unknown product); 10407 - 33357 (Unknown product); 37614 - 39812 (Unknown product)	1144 - 42174 (Unknown product)
CONTIG_1	45267	99808	N/A	45267 - 99808 (Unknown product)	N/A
CONTIG_2	1	39844	1 - 39844 (PKS)	2 - 19844 (PKS)	2 - 19844 (PKS)
CONTIG_2	64321	100107	64321 - 92198 (Terpene)	71101 - 100107 (Terpene)	68895 - 90076 (Terpene)
CONTIG_3	11762	20778	N/A	11762 - 20778 (PKS)	N/A
CONTIG_3	46000	71098	46540 - 71098 (RiPP)	46000 - 47883 (PKS); 48691 - 49716 (PKS); 51778 - 62333 (RiPP)	50819 - 67527 (RiPP)
CONTIG_4	1241	10915	N/A	1241 - 10915 (Unknown product)	N/A
CONTIG_4	14442	40506	N/A	14442 - 40506 (Unknown product)	N/A
CONTIG_4	45005	46894	N/A	45005 - 46894 (Unknown product)	N/A
CONTIG_4	48607	49389	N/A	48607 - 49389 (Unknown product)	N/A
CONTIG_4	53990	54874	N/A	53990 - 54874 (Terpene)	N/A
CONTIG_4	64811	65983	N/A	64811 - 65983 (Unknown product)	N/A
CONTIG_4	69985	71666	N/A	69985 - 71666 (Unknown product)	N/A
CONTIG_5	372	28310	N/A	372 - 28310 (Saccharide)	N/A
CONTIG_5	30869	36131	N/A	30869 - 36131 (PKS)	N/A
CONTIG_5	37904	45051	N/A	37904 - 45051 (Unknown product)	N/A
CONTIG_6	1	51925	1 - 51925 (NRPS)	2 - 37112 (NRPS); 38723 - 41731 (Unknown product); 43145 - 43687 (Unknown product); 48568 - 49221 (Unknown product)	3139 - 43687 (NRPS)
CONTIG_6	86587	90495	N/A	86587 - 90495 (PKS)	N/A
CONTIG_7	1	37234	1 - 21556 (Terpene)	119 - 12174 (PKS, Terpene); 12494 - 17154 (Unknown product); 18856 - 37234 (Unknown product)	N/A
CONTIG_7	81503	81889	N/A	81503 - 81889 (Unknown product)	N/A
CONTIG_7	82668	100656	N/A	82668 - 100656 (PKS)	N/A
CONTIG_8	38006	46605	N/A	38006 - 46605 (RiPP)	38006 - 45174 (RiPP)
CONTIG_8	90995	100957	90995 - 100957 (RiPP)	97188 - 100956 (RiPP)	N/A
CONTIG_9	2545	8267	N/A	2545 - 8267 (Unknown product)	N/A
CONTIG_9	16900	21753	N/A	16900 - 21753 (PKS)	N/A
CONTIG_9	46103	47686	N/A	46103 - 47686 (PKS, Terpene)	N/A
CONTIG_9	91119	95422	N/A	91119 - 95422 (PKS)	N/A
CONTIG_10	43020	64110	N/A	43020 - 64110 (Unknown product)	N/A
